{"cameraMode":{"drawMode":0,"name":"Shaded","section":"Shading Mode"},"sceneLighting":false,"audioPlay":false,"sceneViewState":{"m_AlwaysRefresh":false,"showFog":true,"showSkybox":false,"showFlares":true,"showImageEffects":true,"showParticleSystems":true,"showVisualEffectGraphs":true,"m_FxEnabled":true},"in2DMode":false,"pivot":{"x":-0.3788970708847046,"y":0.0341683030128479,"z":24.793046951293947},"rotation":{"x":0.2581378221511841,"y":-0.09889856725931168,"z":0.02656937576830387,"w":0.9606907367706299},"size":3.3121511936187746,"orthographic":false}