{"cameraMode":{"drawMode":0,"name":"Shaded","section":"Shading Mode"},"sceneLighting":false,"audioPlay":false,"sceneViewState":{"m_AlwaysRefresh":false,"showFog":true,"showSkybox":false,"showFlares":true,"showImageEffects":true,"showParticleSystems":true,"showVisualEffectGraphs":true,"m_FxEnabled":true},"in2DMode":false,"pivot":{"x":7.523722171783447,"y":1.5165865421295167,"z":23.954355239868165},"rotation":{"x":0.15781402587890626,"y":-0.15571118891239167,"z":0.025203898549079896,"w":0.9748028516769409},"size":1.3721909523010255,"orthographic":false}